{
  "train_loss": [
    0.12059936570003629,
    0.06885608634911478,
    0.05617988505400717,
    0.05420889467932284,
    0.04964568752329797,
    0.0491930115269497,
    0.047497043013572694,
    0.04774984365794808,
    0.04652756918221712,
    0.04520524772815406,
    0.04411575668491423,
    0.04446102944202721,
    0.04328813774045557,
    0.04231794273946434,
    0.044736195751465854,
    0.04500437648966908,
    0.04324591616168618,
    0.04185870510991663,
    0.04354709070175886,
    0.04437403776682913,
    0.03791818101890385,
    0.035501948837190864,
    0.0407865634188056,
    0.04237455159891397,
    0.03536499401088804,
    0.05097737011965364,
    0.04669693736359477,
    0.04672393642831594,
    0.048174420290160926,
    0.04574437313713133,
    0.04195873795542866,
    0.043921394366770984,
    0.040825316740665585,
    0.03920104412827641,
    0.034970284043811264,
    0.03261666361941025,
    0.03582364649046212,
    0.033851028070785105,
    0.02944629522971809,
    0.026912488392554224
  ],
  "val_loss": [
    0.11535067157819867,
    0.12368631456047297,
    0.10020064399577677,
    0.10060730832628906,
    0.09855368547141552,
    0.09553768462501466,
    0.0925751740578562,
    0.09282807190902531,
    0.09096208773553371,
    0.09257443132810295,
    0.09060927364043891,
    0.09107981971465051,
    0.0886926706880331,
    0.08648652606643736,
    0.08730966597795486,
    0.08631962817162275,
    0.08759036171250045,
    0.0844104248099029,
    0.08399798069149256,
    0.07835310511291027,
    0.0719827814027667,
    0.05969106568954885,
    0.07567157491575927,
    0.07495796401053667,
    0.02737929276190698,
    0.11743263714015484,
    0.09497749153524637,
    0.05769260483793914,
    0.09457100881263614,
    0.09564972529187799,
    0.06991789862513542,
    0.10554202878847718,
    0.09770028200000525,
    0.08116176910698414,
    0.06800087401643395,
    0.05753869062755257,
    0.05652345856651664,
    0.06674527050927281,
    0.06033103947993368,
    0.046439868689049035
  ],
  "val_mae": [
    0.4235,
    0.4544,
    0.4122,
    0.4128,
    0.4121,
    0.4052,
    0.3979,
    0.3985,
    0.3931,
    0.3986,
    0.3935,
    0.3943,
    0.3897,
    0.3803,
    0.3828,
    0.3791,
    0.384,
    0.3736,
    0.3726,
    0.357,
    0.3363,
    0.3084,
    0.3477,
    0.3622,
    0.1969,
    0.4569,
    0.4055,
    0.3083,
    0.404,
    0.4095,
    0.319,
    0.434,
    0.417,
    0.3752,
    0.3259,
    0.2922,
    0.2911,
    0.3353,
    0.3151,
    0.2662
  ],
  "val_rmse": [
    0.4803,
    0.4974,
    0.4477,
    0.4486,
    0.444,
    0.4371,
    0.4303,
    0.4309,
    0.4265,
    0.4303,
    0.4257,
    0.4268,
    0.4212,
    0.4159,
    0.4179,
    0.4155,
    0.4185,
    0.4109,
    0.4099,
    0.3959,
    0.3794,
    0.3455,
    0.389,
    0.3872,
    0.234,
    0.4846,
    0.4358,
    0.3397,
    0.4349,
    0.4374,
    0.3739,
    0.4594,
    0.442,
    0.4029,
    0.3688,
    0.3392,
    0.3362,
    0.3654,
    0.3474,
    0.3048
  ],
  "val_mape": [
    43.1241,
    46.3062,
    41.7105,
    41.7951,
    41.6815,
    40.9312,
    40.1893,
    40.2166,
    39.649,
    40.2394,
    39.7014,
    39.7544,
    39.3625,
    38.2387,
    38.498,
    38.1041,
    38.6419,
    37.5108,
    37.3968,
    35.9326,
    33.564,
    31.4789,
    34.8781,
    37.4561,
    20.0659,
    46.5592,
    40.9742,
    31.4626,
    40.8732,
    41.5649,
    31.9927,
    44.1959,
    42.4827,
    38.2584,
    32.8256,
    29.1994,
    29.0275,
    33.9356,
    31.7356,
    26.5645
  ]
}