{
  "train_loss": [
    0.13713118294253945,
    0.06471816115081311,
    0.0562056037131697,
    0.05446155364625156,
    0.05078659811988473,
    0.04680040723178536,
    0.042303925473243,
    0.04490236307028681,
    0.04889125230256468,
    0.04355249458458275,
    0.04017782465089113,
    0.038770651665981856,
    0.0395790726877749,
    0.038595403009094295,
    0.03379440933931619,
    0.0340851653367281,
    0.03041734641883522,
    0.026948282751254736,
    0.02869381126947701,
    0.02751874886453152,
    0.028430218063294887,
    0.026586285105440765,
    0.032795512862503526,
    0.02612071423791349,
    0.03113384577445686,
    0.027705235045868904,
    0.02887203632853925,
    0.035477641818579285,
    0.03058526118984446,
    0.024852045986335725,
    0.02265366820502095,
    0.020153193350415675,
    0.018170509941410274,
    0.019380561320576816,
    0.016591165226418524,
    0.01580314974999055
  ],
  "val_loss": [
    0.10312053700909019,
    0.08691887254826725,
    0.08444509888067842,
    0.09062223020009696,
    0.0851436781231314,
    0.07652653055265546,
    0.06871198443695903,
    0.07408526074141264,
    0.0828651743941009,
    0.0723066262435168,
    0.06199192488566041,
    0.062131480081006885,
    0.054459423874504864,
    0.05428583477623761,
    0.04543565446510911,
    0.048066596616990864,
    0.042071529023814946,
    0.03426316528930329,
    0.04434783820761368,
    0.028138591180322692,
    0.015425451783812605,
    0.029159015219192952,
    0.036164567922241986,
    0.017602911044377834,
    0.027388034970499575,
    0.02595006098272279,
    0.03581138918525539,
    0.06754414096940309,
    0.058737470011692494,
    0.04532242377172224,
    0.03652518169838004,
    0.03478847414953634,
    0.03682200226467103,
    0.03856626898050308,
    0.037447210459504277,
    0.04017440584721044
  ],
  "val_mae": [
    0.3992,
    0.3688,
    0.3734,
    0.391,
    0.3681,
    0.3489,
    0.3253,
    0.3441,
    0.3677,
    0.3331,
    0.2976,
    0.3067,
    0.2767,
    0.2849,
    0.2513,
    0.269,
    0.2493,
    0.2201,
    0.2592,
    0.1967,
    0.139,
    0.2057,
    0.2253,
    0.1472,
    0.1947,
    0.1861,
    0.2275,
    0.3284,
    0.3129,
    0.2696,
    0.2356,
    0.2284,
    0.2374,
    0.2513,
    0.2428,
    0.253
  ],
  "val_rmse": [
    0.4541,
    0.4169,
    0.411,
    0.4257,
    0.4127,
    0.3912,
    0.3707,
    0.3849,
    0.4071,
    0.3803,
    0.3521,
    0.3525,
    0.33,
    0.3295,
    0.3014,
    0.3101,
    0.2901,
    0.2618,
    0.2978,
    0.2372,
    0.1756,
    0.2415,
    0.2689,
    0.1876,
    0.234,
    0.2278,
    0.2676,
    0.3675,
    0.3427,
    0.3011,
    0.2703,
    0.2638,
    0.2714,
    0.2777,
    0.2737,
    0.2835
  ],
  "val_mape": [
    40.6202,
    37.2887,
    37.8252,
    39.6047,
    37.4352,
    35.3766,
    32.9396,
    34.7246,
    37.1496,
    33.6237,
    30.0489,
    30.7631,
    27.6225,
    28.3245,
    24.9397,
    26.6561,
    24.6891,
    21.6245,
    25.7308,
    19.2959,
    13.8878,
    20.1889,
    21.951,
    14.666,
    18.9823,
    18.4658,
    22.1758,
    32.8753,
    31.8748,
    27.2744,
    23.3804,
    22.4063,
    23.3527,
    25.1685,
    24.0524,
    25.1092
  ]
}