{
  "train_loss": [
    0.11946247601881624,
    0.05842795865610242,
    0.05421752883121371,
    0.052871480816975236,
    0.051042554015293715,
    0.04800112312659621,
    0.046399593073874715,
    0.046325699472799894,
    0.0457403214648366,
    0.04355011668521911,
    0.04385149370646104,
    0.042987619317136704,
    0.04194693753961474,
    0.038176567654591056,
    0.035035546170547605,
    0.033815377624705434,
    0.03230604319833219,
    0.029201158368960024,
    0.028795835096389055,
    0.03133414580952376,
    0.036535359593108295,
    0.03160800979239866,
    0.03190174298360944,
    0.03005821572151035,
    0.029471541685052217,
    0.02426688706036657,
    0.02342967428267002,
    0.024627869436517357,
    0.023240985651500522,
    0.023107668955344707,
    0.023012918687891216,
    0.021185948932543396,
    0.020985033735632895,
    0.021003443642985075,
    0.020073970570228993,
    0.01924207784468308,
    0.01976856295950711,
    0.01943060870980844,
    0.017414664581883697,
    0.017223079362884162,
    0.017910856241360306,
    0.017107609088998287,
    0.015281960391439498,
    0.016572775540407748,
    0.015752425161190332,
    0.015809303149580956,
    0.014815605292096735,
    0.012351215409580618,
    0.011997338535729795,
    0.011314617964671925,
    0.01132175630191341,
    0.01155949329258874,
    0.010402638267260044,
    0.010693036823067815,
    0.01083524611312896,
    0.009627120179357008,
    0.008086658059619367,
    0.009360363706946373,
    0.009045376535505056,
    0.007339840533677489,
    0.007127524708630517,
    0.007130530860740692,
    0.007046249404083937
  ],
  "val_loss": [
    0.09065152797847986,
    0.07805476617068052,
    0.07448282488621771,
    0.07845783862285316,
    0.08374281018041074,
    0.08130349381826818,
    0.07868338213302195,
    0.08203246723860502,
    0.08433540025725961,
    0.08448784984648228,
    0.0846539894118905,
    0.08280577370896935,
    0.08138367510400712,
    0.0774920389521867,
    0.07001946889795363,
    0.06473233841825277,
    0.06277385330758989,
    0.054284344776533544,
    0.04790337977465242,
    0.04832610971061513,
    0.04977249773219228,
    0.04446514626033604,
    0.041942646843381226,
    0.03911136608803645,
    0.040240762289613485,
    0.03601308149518445,
    0.03210634755669162,
    0.030080794938839972,
    0.029784507118165493,
    0.028225235466379672,
    0.026496807957300916,
    0.02727896408759989,
    0.024705453863134608,
    0.025170511420583352,
    0.022728274954715744,
    0.022942807350773364,
    0.02175555468420498,
    0.02044176319031976,
    0.01774702058173716,
    0.015388504194561392,
    0.01732683536829427,
    0.013520942040486261,
    0.009965053875930607,
    0.008633482299046591,
    0.018177071848185733,
    0.010959922045003623,
    0.00989271598518826,
    0.007804307737387717,
    0.008530962630175054,
    0.008474442976876162,
    0.010344414084102027,
    0.02251269089174457,
    0.012646776420297101,
    0.008031093399040401,
    0.009859453028184362,
    0.011660904419841245,
    0.009318390802945942,
    0.008919261570554227,
    0.011171246180310845,
    0.012249912921106443,
    0.012056715349899605,
    0.011508740775752813,
    0.010944049892714247
  ],
  "val_mae": [
    0.3741,
    0.3576,
    0.3466,
    0.3591,
    0.3745,
    0.3675,
    0.3585,
    0.371,
    0.3776,
    0.372,
    0.3725,
    0.3642,
    0.3605,
    0.3508,
    0.3207,
    0.3113,
    0.3116,
    0.2862,
    0.2616,
    0.2669,
    0.2673,
    0.2505,
    0.2361,
    0.2291,
    0.234,
    0.2206,
    0.2049,
    0.1967,
    0.1988,
    0.1928,
    0.1847,
    0.1906,
    0.1783,
    0.1815,
    0.171,
    0.1729,
    0.1653,
    0.1631,
    0.1504,
    0.139,
    0.1465,
    0.1314,
    0.1113,
    0.1024,
    0.1551,
    0.1195,
    0.1124,
    0.0965,
    0.0996,
    0.0973,
    0.1115,
    0.1832,
    0.1263,
    0.102,
    0.1144,
    0.1239,
    0.1069,
    0.1061,
    0.1233,
    0.1313,
    0.1296,
    0.1258,
    0.1216
  ],
  "val_rmse": [
    0.4258,
    0.3951,
    0.386,
    0.3961,
    0.4093,
    0.4032,
    0.3967,
    0.405,
    0.4107,
    0.4111,
    0.4115,
    0.407,
    0.4034,
    0.3937,
    0.3742,
    0.3598,
    0.3543,
    0.3295,
    0.3095,
    0.3109,
    0.3155,
    0.2982,
    0.2896,
    0.2797,
    0.2837,
    0.2684,
    0.2534,
    0.2453,
    0.2441,
    0.2376,
    0.2302,
    0.2336,
    0.2223,
    0.2244,
    0.2132,
    0.2142,
    0.2086,
    0.2022,
    0.1884,
    0.1754,
    0.1862,
    0.1644,
    0.1412,
    0.1314,
    0.1907,
    0.1481,
    0.1407,
    0.1249,
    0.1306,
    0.1302,
    0.1438,
    0.2122,
    0.159,
    0.1267,
    0.1404,
    0.1527,
    0.1365,
    0.1336,
    0.1495,
    0.1565,
    0.1553,
    0.1517,
    0.1479
  ],
  "val_mape": [
    37.9843,
    36.0394,
    34.8552,
    36.1942,
    37.8513,
    37.1116,
    36.1772,
    37.4589,
    38.1687,
    37.5681,
    37.6342,
    36.7504,
    36.3611,
    35.4516,
    32.3088,
    31.2838,
    31.2362,
    28.6374,
    26.0009,
    26.4745,
    26.5334,
    24.8399,
    23.3919,
    22.7047,
    23.114,
    21.7397,
    20.2161,
    19.4507,
    19.5606,
    18.9355,
    18.1397,
    18.6926,
    17.4718,
    17.7573,
    16.7641,
    16.9408,
    16.1988,
    15.9457,
    14.7416,
    13.6489,
    14.3904,
    12.9083,
    10.9602,
    10.1919,
    15.1255,
    11.8587,
    11.0976,
    9.5751,
    9.8274,
    9.6378,
    10.8445,
    18.0495,
    12.2363,
    10.1226,
    11.3003,
    12.1221,
    10.4672,
    10.5395,
    12.1504,
    12.991,
    12.7815,
    12.3811,
    11.9367
  ]
}