{
  "train_loss": [
    0.10595453679561614,
    0.057735922280699015,
    0.04887907025404274,
    0.046790292812511326,
    0.045688668824732305,
    0.05067919858265668,
    0.049807572411373256,
    0.04731717426329851,
    0.043303453200496736,
    0.04065621364861727,
    0.040063129365444185,
    0.03999365232884884,
    0.04019399587996304,
    0.0392207867000252,
    0.039204777148552236,
    0.03930677413009107,
    0.03764033648185432,
    0.03718196230474859,
    0.03520157523453236,
    0.0341285853413865,
    0.033447944768704475,
    0.031175412016455083,
    0.034250093426089735,
    0.030571229639463127,
    0.030466806213371455,
    0.02812626608647406,
    0.02485052850097418,
    0.023110278381500392,
    0.021326830401085316,
    0.018906837422400714,
    0.018141554354224355,
    0.01708126914454624,
    0.01648341219406575,
    0.01576979054370895,
    0.015804471797309816,
    0.01459649516036734,
    0.014843738346826285,
    0.01420913819456473,
    0.016225223930086942,
    0.014771898300386966,
    0.012622866895981133,
    0.012218134303111583,
    0.01196461837971583,
    0.012183259497396648,
    0.012241485307458787,
    0.012317709741182625,
    0.011156959005165844,
    0.010247915785294026,
    0.009405859652906657,
    0.011275126156397164,
    0.010919266211567446,
    0.01163946584565565,
    0.011597667925525457,
    0.010499610449187458,
    0.010032841458451004,
    0.009461173065938055,
    0.009447298326995224,
    0.00991355093428865,
    0.008982200175523758,
    0.008999644359573723,
    0.008962420566240326
  ],
  "val_loss": [
    0.12133262772113085,
    0.09292293898761272,
    0.0771956262178719,
    0.07388311205431819,
    0.06603519641794264,
    0.07721510180272162,
    0.07767246454022825,
    0.07818855834193528,
    0.06806036713533103,
    0.0765323918312788,
    0.06730579189024866,
    0.06591205345466733,
    0.0657730947714299,
    0.06545028300024569,
    0.06592544075101614,
    0.06520725367590785,
    0.0640463693998754,
    0.06360903172753751,
    0.06041198852472007,
    0.05540379020385444,
    0.05687504378147423,
    0.03919059282634407,
    0.05219122942071408,
    0.05241660261526704,
    0.05093706282787025,
    0.04959363129455596,
    0.04249103687470779,
    0.0415060666273348,
    0.04531650128774345,
    0.043517401558347046,
    0.03693764883792028,
    0.03211312525672838,
    0.02869018557248637,
    0.025278946937760338,
    0.02299813021090813,
    0.022091177466791123,
    0.024309594329679385,
    0.019989857653854415,
    0.016735645825974643,
    0.02043983942712657,
    0.019030152150662616,
    0.019377508608158678,
    0.017945501138456166,
    0.01652514567831531,
    0.017168815567856655,
    0.015420022449688986,
    0.020852836431004107,
    0.017535211372887716,
    0.016484992433106527,
    0.016123215580591932,
    0.016303071635775268,
    0.01987162820296362,
    0.019638566620415077,
    0.018516859621740878,
    0.01911062397994101,
    0.018077306944178417,
    0.018199911923147738,
    0.0181999247870408,
    0.019934084557462484,
    0.019038470956729725,
    0.018347559380345047
  ],
  "val_mae": [
    0.4351,
    0.3908,
    0.3472,
    0.3469,
    0.3106,
    0.3547,
    0.3603,
    0.3617,
    0.3241,
    0.3435,
    0.3221,
    0.3141,
    0.3138,
    0.316,
    0.3155,
    0.3161,
    0.3162,
    0.315,
    0.3078,
    0.2876,
    0.2975,
    0.2314,
    0.2704,
    0.2859,
    0.2825,
    0.2798,
    0.2559,
    0.254,
    0.2726,
    0.2664,
    0.241,
    0.2212,
    0.2063,
    0.188,
    0.1786,
    0.1751,
    0.1817,
    0.162,
    0.1498,
    0.1691,
    0.1582,
    0.1635,
    0.1523,
    0.1439,
    0.1473,
    0.138,
    0.1756,
    0.1529,
    0.147,
    0.142,
    0.1429,
    0.1644,
    0.1645,
    0.1627,
    0.1664,
    0.1594,
    0.1612,
    0.1597,
    0.1723,
    0.1667,
    0.1624
  ],
  "val_rmse": [
    0.4927,
    0.4311,
    0.3929,
    0.3844,
    0.3634,
    0.393,
    0.3941,
    0.3954,
    0.3689,
    0.3912,
    0.3669,
    0.3631,
    0.3627,
    0.3618,
    0.3631,
    0.3611,
    0.3579,
    0.3567,
    0.3476,
    0.3329,
    0.3373,
    0.28,
    0.3231,
    0.3238,
    0.3192,
    0.3149,
    0.2915,
    0.2881,
    0.3011,
    0.295,
    0.2718,
    0.2534,
    0.2395,
    0.2249,
    0.2145,
    0.2102,
    0.2205,
    0.1999,
    0.183,
    0.2022,
    0.1951,
    0.1969,
    0.1894,
    0.1818,
    0.1853,
    0.1756,
    0.2042,
    0.1873,
    0.1816,
    0.1796,
    0.1806,
    0.1994,
    0.1982,
    0.1924,
    0.1955,
    0.1901,
    0.1908,
    0.1908,
    0.1997,
    0.1951,
    0.1916
  ],
  "val_mape": [
    44.5868,
    39.7757,
    35.2224,
    35.0881,
    31.3533,
    35.8137,
    36.3918,
    36.6375,
    32.7122,
    34.9057,
    32.4852,
    31.7779,
    31.7157,
    32.0132,
    31.9735,
    32.0007,
    32.0541,
    31.8837,
    31.1389,
    28.9718,
    29.8807,
    23.3956,
    27.1007,
    28.6754,
    28.1809,
    27.9477,
    25.4272,
    25.24,
    27.3096,
    26.653,
    23.9447,
    21.8651,
    20.3295,
    18.3873,
    17.4981,
    17.1644,
    17.8734,
    15.8906,
    14.7455,
    16.7123,
    15.507,
    16.0768,
    14.8637,
    14.0424,
    14.3013,
    13.4926,
    17.3797,
    14.9299,
    14.3248,
    13.7756,
    13.8801,
    16.1031,
    16.189,
    16.0959,
    16.4728,
    15.7036,
    15.9138,
    15.6616,
    17.0796,
    16.4704,
    16.0167
  ]
}