{
  "train_loss": [
    0.14034345475956797,
    0.06733930334448815,
    0.05300231212750077,
    0.05053350804373622,
    0.04798937609884888,
    0.046973669854924086,
    0.04575454334262759,
    0.04606796228326857,
    0.043000004603527486,
    0.043506482243537904,
    0.045889464928768574,
    0.042943699681200084,
    0.045480656414292754,
    0.04383734026923776,
    0.0428674575407058,
    0.04199299858883023,
    0.04285987266339362,
    0.039528498984873296,
    0.03766717135440558,
    0.037995649385266006,
    0.037988062296062705,
    0.03730027882847935,
    0.037187815620563926,
    0.03394567060749978,
    0.03433523186249658
  ],
  "val_loss": [
    0.09612170048058033,
    0.09873606963083148,
    0.07946794875897467,
    0.07801393000409007,
    0.07533039222471416,
    0.07370909629389644,
    0.07615661504678428,
    0.0749328259844333,
    0.07361398078501225,
    0.0657380239572376,
    0.07823926885612309,
    0.07592733227647841,
    0.07657611137256026,
    0.07811641087755561,
    0.0755326331127435,
    0.07229448342695832,
    0.08836546540260315,
    0.0919275744818151,
    0.09157992713153362,
    0.09160369029268622,
    0.09214025363326073,
    0.09077304694801569,
    0.100588065572083,
    0.09659460978582501,
    0.09608056535944343
  ],
  "val_mae": [
    0.3627,
    0.3973,
    0.3593,
    0.3593,
    0.3521,
    0.344,
    0.3542,
    0.3511,
    0.3449,
    0.3097,
    0.3579,
    0.354,
    0.3544,
    0.3589,
    0.3452,
    0.3344,
    0.3937,
    0.4041,
    0.4023,
    0.402,
    0.4036,
    0.3992,
    0.4278,
    0.4181,
    0.4165
  ],
  "val_rmse": [
    0.4387,
    0.4444,
    0.3987,
    0.395,
    0.3882,
    0.384,
    0.3903,
    0.3871,
    0.3837,
    0.3626,
    0.3956,
    0.3897,
    0.3913,
    0.3953,
    0.3887,
    0.3802,
    0.4204,
    0.4288,
    0.428,
    0.428,
    0.4293,
    0.4261,
    0.4485,
    0.4395,
    0.4384
  ],
  "val_mape": [
    37.1679,
    40.5549,
    36.3917,
    36.3576,
    35.5906,
    34.806,
    35.7976,
    35.5179,
    34.949,
    31.2079,
    36.3411,
    35.7492,
    35.8079,
    36.2739,
    34.8934,
    33.8499,
    40.2066,
    41.3375,
    41.1534,
    41.1165,
    41.3071,
    40.8369,
    43.9268,
    42.9333,
    42.7374
  ]
}