{
  "train_loss": [
    0.11794998105615377,
    0.06419784720055759,
    0.05164459724910557,
    0.050208214414305986,
    0.04484957288950682,
    0.04933925494551659,
    0.04290211847983301,
    0.04049473898485303,
    0.04093819684349,
    0.03818689691834152,
    0.035457833833061156,
    0.03639750482980162,
    0.03832484111189842,
    0.028273713611997663,
    0.030807626503519713,
    0.032483159005641936,
    0.029956586472690106,
    0.030060688289813696,
    0.025756704341620206,
    0.01991877146065235,
    0.0260430371388793,
    0.021797156683169304,
    0.02592769576003775,
    0.023965177626814695,
    0.01967650419101119,
    0.024113218090496956,
    0.026040685758925975,
    0.019051082676742225,
    0.021320625941734762,
    0.020446423802059143,
    0.02074378274846822,
    0.01893861829303205,
    0.018187994707841427,
    0.016885277756955475,
    0.016159176011569798,
    0.014807420771103353,
    0.013144072436261922,
    0.01629058385733515,
    0.016094613651512192,
    0.01368721163016744,
    0.02034754492342472,
    0.01890095184207894,
    0.017923527269158513,
    0.01570001114741899,
    0.01412041949806735,
    0.013513636699644848,
    0.011589508573524653,
    0.00932321247528307,
    0.007608164113480598,
    0.007352572673698887,
    0.007343790121376514,
    0.007481340662343428,
    0.007107351021841168,
    0.006929108430631459,
    0.006791890284512192
  ],
  "val_loss": [
    0.0922314990311861,
    0.10206815367564559,
    0.07883547944948077,
    0.07829068973660469,
    0.07257094839587808,
    0.0772982097696513,
    0.06410066341049969,
    0.0574308168143034,
    0.055436431895941496,
    0.04966227139811963,
    0.0407188058597967,
    0.03834802657365799,
    0.04154604102950543,
    0.026673279411625117,
    0.02902466870727949,
    0.03204714410821907,
    0.02901720703812316,
    0.026979978851159103,
    0.03264007210964337,
    0.02124934399034828,
    0.028037363197654486,
    0.019397989875869825,
    0.02345854791929014,
    0.024749810778303072,
    0.01680596599180717,
    0.014984334295149893,
    0.021219099682639353,
    0.019164020370226353,
    0.01935503026470542,
    0.017186007142299786,
    0.016480454825796187,
    0.014664112459286116,
    0.0182035276084207,
    0.016401181841501966,
    0.016484886218677275,
    0.01587960371398367,
    0.014350904355524108,
    0.011291331858956255,
    0.011730787533451803,
    0.005727551702875644,
    0.021145298436749727,
    0.02080294696497731,
    0.01875409035710618,
    0.015828437928576022,
    0.012602582079125568,
    0.010829373029991984,
    0.016744038817705587,
    0.014157702011289075,
    0.014725606917636469,
    0.012455289921490476,
    0.012157960241893306,
    0.011431452468968928,
    0.013749426871072501,
    0.011991472420049831,
    0.011539994738996029
  ],
  "val_mae": [
    0.3635,
    0.4081,
    0.3574,
    0.3573,
    0.3316,
    0.3467,
    0.3108,
    0.2849,
    0.2872,
    0.268,
    0.2379,
    0.229,
    0.2443,
    0.1847,
    0.1998,
    0.2133,
    0.2003,
    0.1923,
    0.2224,
    0.1707,
    0.2036,
    0.161,
    0.1791,
    0.1888,
    0.1498,
    0.1367,
    0.1675,
    0.1639,
    0.159,
    0.1473,
    0.1465,
    0.1365,
    0.1589,
    0.1462,
    0.1466,
    0.1436,
    0.1379,
    0.1243,
    0.1232,
    0.0828,
    0.1677,
    0.1659,
    0.1565,
    0.1435,
    0.1274,
    0.1176,
    0.1587,
    0.1427,
    0.1458,
    0.1318,
    0.1306,
    0.1256,
    0.144,
    0.131,
    0.1279
  ],
  "val_rmse": [
    0.4295,
    0.4518,
    0.3971,
    0.3957,
    0.381,
    0.3932,
    0.3581,
    0.3389,
    0.333,
    0.3152,
    0.2854,
    0.2769,
    0.2883,
    0.231,
    0.2409,
    0.2532,
    0.2409,
    0.2323,
    0.2555,
    0.2062,
    0.2368,
    0.197,
    0.2166,
    0.2225,
    0.1833,
    0.1731,
    0.206,
    0.1958,
    0.1967,
    0.1854,
    0.1816,
    0.1713,
    0.1908,
    0.1811,
    0.1816,
    0.1782,
    0.1694,
    0.1503,
    0.1532,
    0.107,
    0.2056,
    0.204,
    0.1937,
    0.1779,
    0.1588,
    0.1472,
    0.183,
    0.1683,
    0.1716,
    0.1578,
    0.1559,
    0.1512,
    0.1658,
    0.1549,
    0.1519
  ],
  "val_mape": [
    37.807,
    41.5103,
    36.0674,
    36.2428,
    33.5252,
    35.1992,
    31.577,
    28.6383,
    28.8015,
    26.6433,
    23.5671,
    22.7904,
    24.1092,
    18.3735,
    19.5614,
    20.8286,
    19.6059,
    18.7095,
    21.961,
    16.6734,
    19.9538,
    15.7272,
    17.5212,
    18.4537,
    14.538,
    13.4902,
    16.1947,
    16.1364,
    15.5659,
    14.4777,
    14.3582,
    13.2743,
    15.5898,
    14.2795,
    14.2656,
    13.9694,
    13.4258,
    12.2574,
    12.0459,
    8.5068,
    16.2293,
    16.0048,
    15.108,
    13.9025,
    12.3144,
    11.413,
    15.7514,
    14.0726,
    14.3664,
    12.9378,
    12.8264,
    12.3208,
    14.3728,
    12.9369,
    12.6239
  ]
}