{
  "train_loss": [
    0.12622235864400863,
    0.0679442903958261,
    0.054341330705210564,
    0.052202899008989334,
    0.055887415260076526,
    0.05669782068580389,
    0.05176959503442049,
    0.04839305551722646,
    0.050117262778803705,
    0.04888116344809532,
    0.047137109586037694,
    0.04318178533576429,
    0.043490642588585614,
    0.04165857527405024,
    0.042172195250168444,
    0.041227891482412814,
    0.04082588390447199,
    0.037442129955161364,
    0.03862735070288181
  ],
  "val_loss": [
    0.12343460321426392,
    0.1003758399747312,
    0.08269314817152917,
    0.07292237295769155,
    0.07353643188253045,
    0.0840092645958066,
    0.08642484480515122,
    0.08851182321086526,
    0.08993975399062037,
    0.09112716326490045,
    0.10877499543130398,
    0.1096812067553401,
    0.11012228624895215,
    0.10963593889027834,
    0.10929863806813955,
    0.10608871979638934,
    0.11519320961087942,
    0.10767257446423173,
    0.10801749909296632
  ],
  "val_mae": [
    0.4155,
    0.3998,
    0.3675,
    0.3459,
    0.3473,
    0.3739,
    0.3851,
    0.3923,
    0.385,
    0.3964,
    0.445,
    0.4476,
    0.4488,
    0.4477,
    0.4468,
    0.4383,
    0.4605,
    0.4428,
    0.4442
  ],
  "val_rmse": [
    0.4973,
    0.4481,
    0.4067,
    0.3819,
    0.3835,
    0.4099,
    0.4158,
    0.4207,
    0.4241,
    0.4269,
    0.4664,
    0.4684,
    0.4693,
    0.4683,
    0.4675,
    0.4606,
    0.48,
    0.4641,
    0.4648
  ],
  "val_mape": [
    42.6519,
    40.7908,
    37.2612,
    34.9258,
    35.0399,
    37.8867,
    39.0549,
    39.8328,
    39.0793,
    40.2711,
    45.4737,
    45.749,
    45.8844,
    45.7661,
    45.6705,
    44.7576,
    47.144,
    45.2503,
    45.4144
  ]
}