{
  "train_loss": [
    0.12563174236565827,
    0.06121954498812556,
    0.051819924637675284,
    0.04828759743832052,
    0.051897111162543294,
    0.04620880940929055,
    0.04393240318167955,
    0.04515035548247397,
    0.044492239109240474,
    0.04685512634459883,
    0.044273175206035374,
    0.04214045195840299,
    0.04308177141938359,
    0.03863378204405308,
    0.038636585557833315,
    0.03706231559626758,
    0.038190240680705756,
    0.03727262668544427,
    0.0379339489270933,
    0.035540821100585165,
    0.03523205304518342,
    0.0347361535183154,
    0.03320875740610063,
    0.03208007591310889,
    0.02977031955961138,
    0.02696686458075419,
    0.02885506730526686,
    0.0270293774548918,
    0.02700912208529189,
    0.03233935467433184,
    0.024757587804924697,
    0.022378815396223217,
    0.019978698226623237,
    0.019015339226461946,
    0.02027984370943159,
    0.02118926220573485,
    0.019292918976861983,
    0.018260774214286356,
    0.019720625423360616,
    0.017519689572509378,
    0.018132335075642915,
    0.01713655163766816,
    0.015880064130760728,
    0.014513287274166942,
    0.012627625267487019,
    0.011738783348118887,
    0.012695915973745286,
    0.011482064658775926,
    0.013156734127551317,
    0.012454229552531615,
    0.013695795799139886,
    0.011227960512042046,
    0.01056709794793278,
    0.010145123954862357,
    0.010043323156423867,
    0.009669260337250307,
    0.00915064659784548,
    0.008876378409331665,
    0.008789723837981
  ],
  "val_loss": [
    0.11466080509126186,
    0.09642729046754539,
    0.085392733104527,
    0.08243506494909525,
    0.1001980067230761,
    0.08179165958426893,
    0.07400011294521391,
    0.06891086790710688,
    0.07493182108737528,
    0.08000358729623258,
    0.07621781690977514,
    0.08162923040799797,
    0.08162850979715586,
    0.07136222836561501,
    0.07424657722003758,
    0.06850839708931744,
    0.06847382057458162,
    0.0666695274412632,
    0.06681551085785031,
    0.06491140276193619,
    0.06180165708065033,
    0.05993399955332279,
    0.05709386139642447,
    0.054570505977608263,
    0.053604503511451185,
    0.042997344746254385,
    0.049061111523769796,
    0.04398367425892502,
    0.03770847374107689,
    0.044371620984748006,
    0.04215671512065455,
    0.03800733765820041,
    0.030621825368143618,
    0.028459259250666946,
    0.021812453953316435,
    0.03014774777693674,
    0.025111679860856384,
    0.017862956621684134,
    0.021650207258062437,
    0.01748234298429452,
    0.020514259085757658,
    0.011669746425468475,
    0.01456418976886198,
    0.011304423183901235,
    0.021393566392362118,
    0.013802194938762113,
    0.01981368861743249,
    0.015954237926052883,
    0.017429808358429,
    0.012644682981772348,
    0.013909515109844506,
    0.014542373508447781,
    0.015750447113532573,
    0.016875800443813205,
    0.013153773179510608,
    0.01358430291293189,
    0.013885222841054201,
    0.014310432103229687,
    0.014369935262948275
  ],
  "val_mae": [
    0.4222,
    0.4056,
    0.3831,
    0.3737,
    0.413,
    0.37,
    0.3421,
    0.3165,
    0.3462,
    0.3636,
    0.3482,
    0.3687,
    0.3708,
    0.3259,
    0.3455,
    0.3172,
    0.3124,
    0.3082,
    0.3112,
    0.3068,
    0.295,
    0.291,
    0.2862,
    0.279,
    0.2814,
    0.2419,
    0.268,
    0.2511,
    0.2208,
    0.2539,
    0.2492,
    0.2377,
    0.2104,
    0.2033,
    0.1741,
    0.2094,
    0.1901,
    0.1561,
    0.1742,
    0.159,
    0.1716,
    0.1232,
    0.149,
    0.1259,
    0.1844,
    0.1374,
    0.1766,
    0.1516,
    0.1604,
    0.1303,
    0.1413,
    0.1454,
    0.1543,
    0.1603,
    0.1364,
    0.1394,
    0.1409,
    0.1442,
    0.1444
  ],
  "val_rmse": [
    0.4789,
    0.4392,
    0.4133,
    0.406,
    0.4477,
    0.4045,
    0.3847,
    0.3712,
    0.3871,
    0.4,
    0.3904,
    0.4041,
    0.4041,
    0.3778,
    0.3853,
    0.3702,
    0.3701,
    0.3652,
    0.3656,
    0.3603,
    0.3516,
    0.3462,
    0.3379,
    0.3304,
    0.3274,
    0.2932,
    0.3132,
    0.2966,
    0.2746,
    0.2979,
    0.2904,
    0.2757,
    0.2475,
    0.2386,
    0.2089,
    0.2456,
    0.2241,
    0.189,
    0.2081,
    0.187,
    0.2026,
    0.1528,
    0.1707,
    0.1504,
    0.2069,
    0.1661,
    0.1991,
    0.1786,
    0.1867,
    0.159,
    0.1668,
    0.1705,
    0.1775,
    0.1837,
    0.1622,
    0.1648,
    0.1666,
    0.1692,
    0.1695
  ],
  "val_mape": [
    43.2968,
    41.2726,
    38.9443,
    37.8744,
    42.0772,
    37.6794,
    34.615,
    32.1174,
    34.8868,
    36.7323,
    35.1252,
    37.2614,
    37.5465,
    32.8883,
    34.8985,
    31.8478,
    31.365,
    30.9193,
    31.3314,
    30.761,
    29.6076,
    29.1589,
    28.63,
    27.8795,
    28.1074,
    24.1091,
    26.6364,
    25.0244,
    22.0987,
    25.1669,
    24.6715,
    23.4954,
    20.7129,
    20.0091,
    17.0185,
    20.5924,
    18.6482,
    15.2203,
    17.0058,
    15.7175,
    16.7969,
    12.1487,
    14.9575,
    12.4686,
    18.4566,
    13.4123,
    17.6813,
    14.9113,
    15.8262,
    12.7206,
    13.9104,
    14.3686,
    15.3616,
    15.9391,
    13.4309,
    13.7361,
    13.8804,
    14.2474,
    14.2603
  ]
}