{
  "train_loss": [
    0.11762766148895025,
    0.06193851940333843,
    0.054489902406930926,
    0.049361470597796143,
    0.04995061771478504,
    0.04953870128374547,
    0.04919090545736253,
    0.04872610536403954,
    0.048613541899248956,
    0.048965047928504646,
    0.047184845455922185,
    0.04739798975642771,
    0.040030400012619795,
    0.040154542215168475,
    0.03892261490691453,
    0.03842229237779975,
    0.04201754673849791,
    0.03851298368535936,
    0.03657878870144486,
    0.03648045166628435
  ],
  "val_loss": [
    0.10242824582383037,
    0.09394436329603195,
    0.08409205777570605,
    0.07159346854314208,
    0.06784901139326394,
    0.07406678609549999,
    0.07742462330497801,
    0.0793645039666444,
    0.07681790250353515,
    0.08018357958644629,
    0.08539835968986154,
    0.10743432678282261,
    0.10181942535564303,
    0.10514915734529495,
    0.10175595618784428,
    0.09254036052152514,
    0.09833002416417003,
    0.10462369536980987,
    0.10336240893229842,
    0.10436438443139195
  ],
  "val_mae": [
    0.3913,
    0.3693,
    0.3671,
    0.335,
    0.3202,
    0.3464,
    0.3552,
    0.3531,
    0.3456,
    0.3581,
    0.3776,
    0.4429,
    0.4289,
    0.4372,
    0.4285,
    0.4012,
    0.4193,
    0.4369,
    0.4336,
    0.4332
  ],
  "val_rmse": [
    0.4527,
    0.4335,
    0.4101,
    0.3784,
    0.3684,
    0.3849,
    0.3935,
    0.3984,
    0.392,
    0.4005,
    0.4133,
    0.4635,
    0.4513,
    0.4586,
    0.4511,
    0.4302,
    0.4435,
    0.4574,
    0.4547,
    0.4569
  ],
  "val_mape": [
    39.9253,
    37.5699,
    37.2093,
    33.7795,
    32.2867,
    34.9824,
    35.8469,
    35.7593,
    34.8713,
    36.141,
    38.2151,
    45.2083,
    43.7171,
    44.6047,
    43.6739,
    40.8047,
    42.7273,
    44.6656,
    44.3053,
    44.2033
  ]
}