{
  "train_loss": [
    0.13038758570328354,
    0.05728421402163804,
    0.05294224340468645,
    0.04881376454140991,
    0.05106269028037787,
    0.04653946617618203,
    0.04159116849768907,
    0.03952793558128178,
    0.04113458336796612,
    0.040142476884648205,
    0.042343528405763206,
    0.04234814052470028,
    0.04119990069884807,
    0.040972783137112855,
    0.041010947921313344,
    0.03848472449462861,
    0.03670174889266491,
    0.02926425551995635,
    0.02868961812928319
  ],
  "val_loss": [
    0.10695869661867619,
    0.07548913126811385,
    0.07505544158630073,
    0.06773060350678861,
    0.07367748580873013,
    0.07553359842859209,
    0.07284536212682724,
    0.07101984973996878,
    0.06971058435738087,
    0.06879958370700479,
    0.0680775479413569,
    0.06975644384510815,
    0.07529794424772263,
    0.0729036636184901,
    0.07579283183440566,
    0.07787495548836887,
    0.09195540379732847,
    0.08148334757424891,
    0.07230920903384686
  ],
  "val_mae": [
    0.4055,
    0.3463,
    0.3491,
    0.3292,
    0.3463,
    0.3552,
    0.3452,
    0.3405,
    0.3228,
    0.3323,
    0.3251,
    0.3265,
    0.3492,
    0.3393,
    0.3486,
    0.3586,
    0.405,
    0.375,
    0.345
  ],
  "val_rmse": [
    0.4626,
    0.3886,
    0.3874,
    0.3681,
    0.3839,
    0.3887,
    0.3817,
    0.3769,
    0.3734,
    0.3709,
    0.369,
    0.3735,
    0.3881,
    0.3818,
    0.3893,
    0.3947,
    0.4288,
    0.4037,
    0.3803
  ],
  "val_mape": [
    41.4628,
    35.1223,
    35.3339,
    33.223,
    34.9838,
    35.9549,
    34.919,
    34.4368,
    32.5343,
    33.5779,
    32.7698,
    32.945,
    35.3282,
    34.3556,
    35.2463,
    36.3063,
    41.2917,
    38.1086,
    34.93
  ]
}